{
  "version": 1,
  "author": "Harish",
  "editor": "wokwi",
  "parts": [
    { "type": "wokwi-arduino-uno", "id": "uno", "top": 87, "left": 9, "attrs": {} },
    { "type": "wokwi-lcd1602", "id": "lcd1", "top": -73.37, "left": 16, "attrs": {} },
    { "type": "wokwi-ds1307", "id": "rtc1", "top": 71.4, "left": 307.3, "attrs": {} },
    { "type": "wokwi-buzzer", "id": "bz1", "top": -36, "left": -75, "attrs": { "volume": "0.1" } },
    {
      "type": "wokwi-pushbutton-6mm",
      "id": "btn1",
      "top": 170.6,
      "left": 336,
      "attrs": { "color": "green" }
    },
    {
      "type": "wokwi-pushbutton-6mm",
      "id": "btn2",
      "top": 199.4,
      "left": 336,
      "attrs": { "color": "red" }
    },
    {
      "type": "wokwi-pushbutton-6mm",
      "id": "btn3",
      "top": 228.2,
      "left": 336,
      "attrs": { "color": "yellow" }
    }
  ],
  "connections": [
    [ "lcd1:VSS", "uno:GND.1", "black", [ "v19.2", "h76.8" ] ],
    [ "lcd1:RW", "uno:GND.1", "green", [ "v19.2", "h38.3" ] ],
    [ "lcd1:K", "uno:GND.1", "green", [ "v19.2", "h-67.2" ] ],
    [ "lcd1:A", "uno:3.3V", "green", [ "v19.2", "h105.5", "v211.2", "h-134.4" ] ],
    [ "lcd1:RS", "uno:8", "green", [ "v19.2", "h0.3" ] ],
    [ "lcd1:E", "uno:9", "green", [ "v19.2", "h76.8" ] ],
    [ "lcd1:D4", "uno:10", "green", [ "v19.2", "h19.2" ] ],
    [ "lcd1:D5", "uno:11", "green", [ "v0" ] ],
    [ "lcd1:D6", "uno:12", "green", [ "v19.2", "h-19" ] ],
    [ "lcd1:D7", "uno:13", "green", [ "v19.2", "h-38.1" ] ],
    [ "rtc1:GND", "uno:GND.1", "black", [ "h-67.2", "v-9.6", "h-124.8" ] ],
    [ "rtc1:5V", "lcd1:VDD", "red", [ "h-19.2", "v-29.2", "h-240" ] ],
    [ "uno:5V", "rtc1:5V", "red", [ "v19.1", "h138.2", "v-201.6", "h-9.6" ] ],
    [ "rtc1:SDA", "uno:A4.2", "green", [ "h-19.2", "v18.9", "h-192" ] ],
    [ "rtc1:SCL", "uno:A5.2", "green", [ "h-220.8", "v-0.2" ] ],
    [ "bz1:1", "lcd1:VSS", "black", [ "v28.8" ] ],
    [ "bz1:2", "uno:3", "green", [ "v96", "h278" ] ],
    [ "btn1:2.l", "btn2:2.l", "black", [ "h-9.6", "v29.2" ] ],
    [ "btn2:2.l", "btn3:2.l", "black", [ "h-9.6", "v29.2" ] ],
    [ "btn3:2.l", "uno:GND.3", "black", [ "h-9.6", "v58", "h-134.4" ] ],
    [ "btn1:1.l", "uno:7", "green", [ "h-134.4", "v-9.6" ] ],
    [ "btn2:1.l", "uno:6", "green", [ "h-124.8", "v-9.6" ] ],
    [ "btn3:1.l", "uno:5", "green", [ "h0" ] ]
  ],
  "dependencies": {}
}